--TipoEnvio
INSERT INTO TipoEnvio (id, nombreEnvio, tiempoEstimadoEntrega, costoEnvio) VALUES
(1, 'Envio inmediato', 1, 50.00),
(2, 'Mismo dia', 4, 30.00),
(3, 'Al dia siguiente', 23, 20.00),
(4, 'Semana siguiente', 168, 6.00),
(5, 'Envio estandar', 72, 15.00);

--FormaPago
INSERT INTO FormaPago (id, nombre, descripcion) VALUES
(1, 'Tarjeta de credito', 'Pago con tarjeta de credito Visa, Mastercard o Amex'),
(2, 'Tarjeta de debito', 'Pago con tarjeta de debito vinculada a una cuenta bancaria'),
(3, 'PayPal', 'Pago a traves de la plataforma PayPal'),
(4, 'Transferencia bancaria', 'Pago mediante transferencia electronica'),
(5, 'Efectivo', 'Pago en efectivo al momento de la entrega'),
(6, 'Cheque', 'Pago mediante cheque bancario'),
(7, 'Criptomonedas', 'Pago con Bitcoin, Ethereum u otras criptomonedas'),
(8, 'Pago movil', 'Pago a traves de aplicaciones moviles de cada banco'),
(9, 'Cashea', 'Pago fraccionado en varias cuotas mensuales'),
(10, 'Zelle', 'Pago a traves de aplicaciones moviles de bancos americanos');

--Cargo
INSERT INTO Cargo (id, nombre, descripcion, salarioBasePorHora) VALUES
(1, 'Cajero', 'Atencion al cliente en caja y cobro de productos', 12.00),
(2, 'Reponedor', 'Encargado de reponer productos en estanterias', 10.00),
(3, 'Gerente de Tienda', 'Responsable de la gestion general del supermercado', 25.00),
(4, 'Auxiliar de Limpieza', 'Mantenimiento y limpieza de las instalaciones', 9.00),
(5, 'Encargado de Almacen', 'Gestiona el inventario y almacen de productos', 15.00),
(6, 'Carnicero', 'Preparacion y venta de productos carnicos', 14.00),
(7, 'Panadero', 'Elaboracion y venta de productos de panaderia', 13.00),
(8, 'Fruteria', 'Encargado de la seccion de frutas y verduras', 12.00),
(9, 'Seguridad', 'Vigilancia y control de acceso en el supermercado', 11.00),
(10, 'Atencion al Cliente', 'Resuelve dudas y quejas de los clientes', 12.00),
(11, 'Promotor', 'Encargado de promociones y degustaciones', 10.00),
(12, 'Operario de Montacargas', 'Maneja montacargas para mover mercancia', 13.00),
(13, 'Tecnico de Refrigeracion', 'Mantenimiento de equipos de refrigeracion', 16.00),
(14, 'Dependiente de Farmacia', 'Atencion en la seccion de farmacia', 14.00),
(15, 'Analista de Inventarios', 'Control y gestion de inventarios', 18.00);


-- Marca
INSERT INTO Marca (id, nombre, descripcion) VALUES
(1, 'Coca-Cola', 'Bebidas gaseosas y refrescos'),
(2, 'Pepsi', 'Bebidas y snacks'),
(3, 'Nestle', 'Productos alimenticios y bebidas'),
(4, 'Unilever', 'Productos de cuidado personal y alimentos'),
(5, 'Kelloggs', 'Cereales y snacks'),
(6, 'Danone', 'Productos lacteos y yogures'),
(7, 'Heinz', 'Salsas y conservas'),
(8, 'Colgate', 'Productos de higiene bucal'),
(9, 'P&G', 'Productos de limpieza y cuidado personal'),
(10, 'Lays', 'Snacks y papas fritas'),
(11, 'Bimbo', 'Pan y productos de panaderia'),
(12, 'La Serenisima', 'Productos lacteos y derivados'),
(13, 'Quilmes', 'Bebidas alcoholicas y cervezas'),
(14, 'Arcor', 'Golosinas y productos alimenticios'),
(15, 'Molinos', 'Harinas y productos alimenticios'),
(16, 'Mondelez', 'Galletas y snacks'),
(17, 'Knorr', 'Sopas y condimentos'),
(18, 'Natura', 'Productos de belleza y cuidado personal'),
(19, 'Fanta', 'Bebidas gaseosas'),
(20, 'Sprite', 'Bebidas gaseosas'),
(21, 'Red Bull', 'Bebidas energéticas'),
(22, 'Monster', 'Bebidas energéticas'),
(23, 'Starbucks', 'Cafés y bebidas especiales'),
(24, 'Nescafé', 'Café instantáneo y soluble'),
(25, 'Tropicana', 'Jugos y bebidas naturales'),
(26, 'Gatorade', 'Bebidas deportivas'),
(27, 'Oreo', 'Galletas y snacks'),
(28, 'Cadbury', 'Chocolate y dulces'),
(29, 'Pillsbury', 'Mezclas para hornear y productos de panadería'),
(30, 'Dove', 'Productos de cuidado personal y belleza'),
(31, 'L Oreal', 'Productos de cosmética y cuidado del cabello'),
(32, 'Nestle', 'Productos alimenticios'),
(33, 'Delicius', 'Comida para el hogar'),
(34, 'GanadoGas', 'Ganaderia de buena calidad'),
(35, 'Under Armour', 'Bebidas alcoholicas'),
(36, 'Haagen-Dazs', 'Helados y postres'),
(37, 'Saludela', 'Comida y producatos saludables'),
(38, 'Chips Ahoy!', 'Galletas y snacks'),
(39, 'Pasta de diente Sensodyne', 'Productos de higiene bucal'),
(40, 'Gama', 'Productos para el hogar');

-- Categoria
INSERT INTO Categoria (id, nombre, descripcion) VALUES
(1, 'Bebidas', 'Refrescos, aguas, jugos y bebidas alcoholicas'),
(2, 'Lacteos', 'Leche, yogures, quesos y derivados'),
(3, 'Carnes', 'Carnes frescas y procesadas'),
(4, 'Frutas y Verduras', 'Productos frescos de frutas y verduras'),
(5, 'Panaderia', 'Pan, bollos y productos de reposteria'),
(6, 'Snacks', 'Papas fritas, frutos secos y golosinas'),
(7, 'Congelados', 'Alimentos congelados y listos para cocinar'),
(8, 'Limpieza', 'Productos de limpieza para el hogar'),
(9, 'Cuidado Personal', 'Jabones, champus y productos de higiene'),
(10, 'Despensa', 'Arroz, pasta, legumbres y conservas'),
(11, 'Bebidas Alcoholicas', 'Cervezas, vinos y licores'),
(12, 'Mascotas', 'Alimentos y accesorios para mascotas'),
(13, 'Farmacia', 'Medicamentos y productos de salud'),
(14, 'Hogar', 'Utensilios y articulos para el hogar'),
(15, 'Electrodomesticos', 'Pequenos electrodomesticos'),
(16, 'Bebes', 'Panales, leches y productos para bebes'),
(17, 'Helados', 'Helados y postres congelados'),
(18, 'Cafe e Infusiones', 'Cafe, te y bebidas calientes'),
(19, 'Aceites y Vinagres', 'Aceites, vinagres y aderezos'),
(20, 'Especias y Condimentos', 'Especias, sal y condimentos'),
(21, 'Dulces y Chocolates', 'Chocolates, caramelos y dulces'),
(22, 'Conservas', 'Conservas de pescado, carne y vegetales'),
(23, 'Pastas Frescas', 'Pastas frescas y listas para cocinar'),
(24, 'Salsas y Aderezos', 'Salsas, mayonesas y ketchup'),
(25, 'Cereales', 'Cereales para el desayuno'),
(26, 'Galletas', 'Galletas dulces y saladas'),
(27, 'Enlatados', 'Productos enlatados y conservados'),
(28, 'Huevos', 'Huevos frescos y derivados'),
(29, 'Pescados y Mariscos', 'Pescados y mariscos frescos'),
(30, 'Comida Preparada', 'Platos preparados y listos para consumir');

--Pais
INSERT INTO Pais (id, nombre) VALUES
(1, 'Mexico'),
(2, 'Estados Unidos'),
(3, 'Colombia'),
(4, 'Argentina'),
(5, 'Espana'),
(6, 'Brasil'),
(7, 'Chile'),
(8, 'Peru'),
(9, 'Francia'),
(10, 'Venezuela');

--Estado
INSERT INTO Estado (id, nombre, paisId) VALUES
-- Mexico (id=1)
(1, 'Ciudad de Mexico', 1),
(2, 'Jalisco', 1),
(3, 'Nuevo Leon', 1),
(4, 'Puebla', 1),
(5, 'Veracruz', 1),

-- Estados Unidos (id=2)
(6, 'California', 2),
(7, 'Texas', 2),
(8, 'Nueva York', 2),
(9, 'Florida', 2),
(10, 'Illinois', 2),

-- Colombia (id=3)
(11, 'Bogota D.C.', 3),
(12, 'Antioquia', 3),
(13, 'Valle del Cauca', 3),
(14, 'Santander', 3),
(15, 'Cundinamarca', 3),

-- Argentina (id=4)
(16, 'Buenos Aires', 4),
(17, 'Cordoba', 4),
(18, 'Santa Fe', 4),
(19, 'Mendoza', 4),
(20, 'Tucuman', 4),

-- Venezuela (id=10)
(21, 'Distrito Capital', 10),    
(22, 'Miranda', 10),               
(23, 'Zulia', 10),                 
(24, 'Carabobo', 10),               
(25, 'Lara', 10);


--Ciudad
INSERT INTO Ciudad (id, nombre, estadoId) VALUES
-- Ciudad de Mexico (id=1)
(1, 'Ciudad de Mexico', 1),
(2, 'Iztapalapa', 1),
(3, 'Gustavo A. Madero', 1),

-- Jalisco (id=2)
(4, 'Guadalajara', 2),
(5, 'Zapopan', 2),
(6, 'Tlaquepaque', 2),

-- Nuevo Leon (id=3)
(7, 'Monterrey', 3),
(8, 'San Pedro Garza Garcia', 3),
(9, 'Guadalupe', 3),

-- Puebla (id=4)
(10, 'Puebla', 4),
(11, 'Tehuacan', 4),
(12, 'Cholula', 4),

-- Veracruz (id=5)
(13, 'Veracruz', 5),
(14, 'Xalapa', 5),
(15, 'Cordoba', 5),

-- California (id=6)
(16, 'Los Angeles', 6),
(17, 'San Francisco', 6),
(18, 'San Diego', 6),

-- Texas (id=7)
(19, 'Houston', 7),
(20, 'Dallas', 7),
(21, 'Austin', 7),

-- Nueva York (id=8)
(22, 'Nueva York', 8),
(23, 'Buffalo', 8),
(24, 'Rochester', 8),

-- Florida (id=9)
(25, 'Miami', 9),
(26, 'Orlando', 9),
(27, 'Tampa', 9),

-- Illinois (id=10)
(28, 'Chicago', 10),
(29, 'Springfield', 10),
(30, 'Peoria', 10),

-- Bogota D.C. (id=11)
(31, 'Bogota', 11),

-- Antioquia (id=12)
(32, 'Medellin', 12),
(33, 'Envigado', 12),
(34, 'Bello', 12),

-- Valle del Cauca (id=13)
(35, 'Cali', 13),
(36, 'Palmira', 13),
(37, 'Buenaventura', 13),

-- Santander (id=14)
(38, 'Bucaramanga', 14),
(39, 'Floridablanca', 14),
(40, 'Barrancabermeja', 14),

-- Cundinamarca (id=15)
(41, 'Soacha', 15),
(42, 'Girardot', 15),
(43, 'Facatativa', 15),

-- Buenos Aires (id=16)
(44, 'Buenos Aires', 16),
(45, 'La Plata', 16),
(46, 'Mar del Plata', 16),

-- Venezuela: Distrito Capital (id=21)
(47, 'Caracas', 21),

-- Venezuela: Miranda (id=22)
(48, 'Los Teques', 22),
(49, 'Petare', 22),

-- Venezuela: Zulia (id=23)
(50, 'Maracaibo', 23),

-- Venezuela: Distrito Capital (id=21)
(51, 'El Junquito', 21),

-- Venezuela: Miranda (id=22)
(52, 'Charallave', 22),
(53, 'Cua', 22),
(54, 'Guarenas', 22),

-- Venezuela: Zulia (id=23)
(55, 'Cabimas', 23),
(56, 'Santa Barbara del Zulia', 23),
(57, 'Ciudad Ojeda', 23),

-- Venezuela: Carabobo (id=24)
(58, 'San Joaquin', 24),
(59, 'Bejuma', 24),
(60, 'Tocuyito', 24),

-- Venezuela: Lara (id=25)
(61, 'Quibor', 25),
(62, 'El Tocuyo', 25),
(63, 'Carora', 25),
(64, 'Sanare', 25),
(65, 'Cubiro', 25);

-- Parte I
-- Sucursal
INSERT INTO Sucursal (id, nombre, direccion, telefono, horaAbrir, horaCerrar, ciudadId) VALUES
(1, 'Sucursal Centro', 'Avenida Reforma 123', '555-1234', 9, 21, 1),
(2, 'Sucursal Iztapalapa', 'Calle 5 de Febrero 456', '555-5678', 10, 22, 2),
(3, 'Sucursal Guadalajara', 'Calle López Mateos 789', '333-1234', 8, 20, 4),
(4, 'Sucursal Zapopan', 'Avenida Vallarta 101', '333-5678', 9, 21, 5),
(5, 'Sucursal Monterrey', 'Avenida Constitución 202', '818-1234', 10, 22, 7),
(6, 'Sucursal Puebla', 'Calle 16 de Septiembre 303', '222-1234', 8, 20, 10),
(7, 'Sucursal Veracruz', 'Calle Miguel Ángel de Quevedo 404', '229-1234', 9, 21, 13),
(8, 'Sucursal Miami', 'Ocean Drive 505', '305-1234', 10, 22, 25),
(9, 'Sucursal Chicago', 'Michigan Avenue 606', '312-1234', 9, 21, 28),
(10, 'Sucursal Bogotá', 'Avenida El Dorado 707', '601-1234', 8, 20, 31),
(11, 'Sucursal Medellín', 'Calle San Juan 808', '604-1234', 10, 22, 32),
(12, 'Sucursal Cali', 'Calle 5 # 15-45', '602-1234', 9, 21, 35),
(13, 'Sucursal Buenos Aires', 'Avenida 9 de Julio 909', '011-1234', 8, 20, 44),
(14, 'Sucursal Los Angeles', 'Hollywood Boulevard 1010', '323-1234', 9, 21, 16),
(15, 'Sucursal San Francisco', 'Market Street 1111', '415-1234', 10, 22, 17),
(16, 'Sucursal Caracas', 'Avenida Urdaneta 1212', '212-1234', 9, 21, 47),
(17, 'Sucursal Houston', 'Main Street 1313', '713-1234', 10, 22, 19),
(18, 'Sucursal Dallas', 'Elm Street 1414', '214-1234', 9, 21, 20),
(19, 'Sucursal Orlando', 'International Drive 1515', '407-1234', 10, 22, 26),
(20, 'Sucursal San Pedro Garza Garcia', 'Avenida Gómez Morín 1616', '818-5678', 9, 21, 8);

-- Empleado
INSERT INTO Empleado (id, CI, nombre, apellido, sexo, direccionCorta, cargoId, empleadoSupervisorId, sucursalId, fechaContrato, bonoFijoMensual, horaInicio, horaFin, cantidadDiasTrabajoPorSemana) VALUES
(1, 12345601, 'Juan', 'Perez', 'M', 'Avenida Reforma 123', 1, 2, 1, '2024-08-01', 100.00, 9, 17, 5),
(2, 12345602, 'Maria', 'Gonzalez', 'F', 'Calle 5 de Febrero 456', 2, 3, 2, '2024-08-02', 150.00, 10, 18, 6),
(3, 12345603, 'Carlos', 'Lopez', 'M', 'Calle López Mateos 789', 3, 4, 3, '2024-08-03', 200.00, 8, 16, 5),
(4, 12345604, 'Ana', 'Martinez', 'F', 'Avenida Vallarta 101', 4, 5, 4, '2024-08-04', 120.00, 9, 17, 6),
(5, 12345605, 'Luis', 'Hernandez', 'M', 'Avenida Constitución 202', 5, 6, 5, '2024-08-05', 130.00, 10, 18, 5),
(6, 12345606, 'Laura', 'Ramirez', 'F', 'Calle 16 de Septiembre 303', 6, 7, 6, '2024-08-06', 140.00, 8, 16, 6),
(7, 12345607, 'Jorge', 'Torres', 'M', 'Calle Miguel Ángel de Quevedo 404', 7, 8, 7, '2024-08-07', 110.00, 9, 17, 5),
(8, 12345608, 'Sofia', 'Vasquez', 'F', 'Ocean Drive 505', 8, 9, 8, '2024-08-08', 160.00, 10, 18, 6),
(9, 12345609, 'Andres', 'Flores', 'M', 'Michigan Avenue 606', 9, 10, 9, '2024-08-09', 170.00, 9, 17, 5),
(10, 12345610, 'Isabel', 'Cruz', 'F', 'Avenida El Dorado 707', 10, 11, 10, '2024-08-10', 180.00, 8, 16, 6),
(11, 12345611, 'Fernando', 'Jimenez', 'M', 'Calle San Juan 808', 11, 12, 11, '2024-08-11', 190.00, 10, 18, 5),
(12, 12345612, 'Patricia', 'Mendoza', 'F', 'Calle 5 # 15-45', 12, 13, 12, '2024-08-12', 200.00, 9, 17, 6),
(13, 12345613, 'Diego', 'Salazar', 'M', 'Avenida 9 de Julio 909', 13, 14, 13, '2024-08-13', 210.00, 8, 16, 5),
(14, 12345614, 'Claudia', 'Rojas', 'F', 'Hollywood Boulevard 1010', 14, 15, 14, '2024-08-14', 220.00, 9, 17, 6),
(15, 12345615, 'Ricardo', 'Pineda', 'M', 'Market Street 1111', 15, 16, 15, '2024-08-15', 230.00, 10, 18, 5),
(16, 12345616, 'Veronica', 'Cordero', 'F', 'Avenida Urdaneta 1212', 1, 17, 16, '2024-08-16', 240.00, 9, 17, 6),
(17, 12345617, 'Samuel', 'Garcia', 'M', 'Main Street 1313', 2, 18, 17, '2024-08-17', 250.00, 8, 16, 5),
(18, 12345618, 'Gabriela', 'Soto', 'F', 'Elm Street 1414', 3, 19, 18, '2024-08-18', 260.00, 9, 17, 6),
(19, 12345619, 'Alberto', 'Cruz', 'M', 'International Drive 1515', 4, 20, 19, '2024-08-19', 270.00, 10, 18, 5),
(20, 12345620, 'Natalia', 'Vega', 'F', 'Avenida Gómez Morín 1616', 5, 1, 20, '2024-08-20', 280.00, 9, 17, 6),
(21, 12345621, 'Javier', 'Salas', 'M', 'Avenida Reforma 123', 6, 2, 1, '2024-08-21', 290.00, 8, 16, 5),
(22, 12345622, 'Lucia', 'Caceres', 'F', 'Calle 5 de Febrero 456', 7, 3, 2, '2024-08-22', 300.00, 9, 17, 6),
(23, 12345623, 'Esteban', 'Marquez', 'M', 'Calle López Mateos 789', 8, 4, 3, '2024-08-23', 310.00, 10, 18, 5),
(24, 12345624, 'Carla', 'Juarez', 'F', 'Avenida Vallarta 101', 9, 5, 4, '2024-08-24', 320.00, 9, 17, 6),
(25, 12345625, 'Fernando', 'Perez', 'M', 'Avenida Constitución 202', 10, 6, 5, '2024-08-25', 330.00, 8, 16, 5),
(26, 12345626, 'Mariana', 'Jay', 'F', 'Calle 16 de Septiembre 303', 11, 7, 6, '2024-08-26', 340.00, 9, 17, 6),
(27, 12345627, 'Santiago', 'Lopez', 'M', 'Calle Miguel Ángel de Quevedo 404', 12, 8, 7, '2024-08-27', 350.00, 10, 18, 5),
(28, 12345628, 'Valentina', 'Martinez', 'F', 'Ocean Drive 505', 13, 9, 8, '2024-08-28', 360.00, 9, 17, 6),
(29, 12345629, 'Diego', 'Ramirez', 'M', 'Michigan Avenue 606', 14, 10, 9, '2024-08-29', 370.00, 8, 16, 5),
(30, 12345630, 'Sofia', 'Cruz', 'F', 'Avenida El Dorado 707', 15, 11, 10, '2024-08-30', 380.00, 9, 17, 6),
(31, 12345631, 'Pablo', 'Garcia', 'M', 'Calle San Juan 808', 1, 12, 11, '2024-08-31', 390.00, 10, 18, 5),
(32, 12345632, 'Ana', 'Vasquez', 'F', 'Calle 5 # 15-45', 2, 13, 12, '2024-09-01', 400.00, 9, 17, 6),
(33, 12345633, 'Luis', 'Torres', 'M', 'Avenida 9 de Julio 909', 3, 14, 13, '2024-09-02', 410.00, 8, 16, 5),
(34, 12345634, 'Claudia', 'Salazar', 'F', 'Hollywood Boulevard 1010', 4, 15, 14, '2024-09-03', 420.00, 9, 17, 6),
(35, 12345635, 'Ricardo', 'Mendoza', 'M', 'Market Street 1111', 5, 16, 15, '2024-09-04', 430.00, 10, 18, 5),
(36, 12345636, 'Gabriela', 'Rojas', 'F', 'Avenida Urdaneta 1212', 6, 17, 16, '2024-09-05', 440.00, 9, 17, 6),
(37, 12345637, 'Andres', 'Cordero', 'M', 'Main Street 1313', 7, 18, 17, '2024-09-06', 450.00, 8, 16, 5),
(38, 12345638, 'Natalia', 'Soto', 'F', 'Elm Street 1414', 8, 19, 18, '2024-09-07', 460.00, 9, 17, 6),
(39, 12345639, 'Fernando', 'Salas', 'M', 'International Drive 1515', 9, 20, 19, '2024-09-08', 470.00, 10, 18, 5),
(40, 12345640, 'Lucia', 'Margarita', 'F', 'Avenida Gómez Morín 1616', 10, 1, 20, '2024-09-09', 480.00, 9, 17, 6);

-- Proveedor
INSERT INTO Proveedor (id, RIF, nombre, contacto, telefono, correo, ciudadId) VALUES
(1, 'J-12345678', 'Distribuciones ABC', 'Juan Pérez', '555-1111', 'info@distribucionesabc.com', 1),
(2, 'J-23456789', 'Alimentos Gourmet S.A.', 'María González', '555-2222', 'contacto@alimentosgourmet.com', 2),
(3, 'J-34567890', 'Tecnología y Más', 'Carlos López', '555-3333', 'ventas@tecnologiamas.com', 3),
(4, 'J-45678901', 'Limpieza Total', 'Ana Martínez', '555-4444', 'contacto@limpiezatotal.com', 4),
(5, 'J-56789012', 'Comercializadora El Sol', 'Luis Sánchez', '555-5555', 'ventas@comercializadoraelsol.com', 5),
(6, 'J-67890123', 'Fábrica de Juguetes', 'Laura Ruiz', '555-6666', 'info@juguetes.com', 6),
(7, 'J-78901234', 'Bebidas Naturales', 'Pedro Fernández', '555-7777', 'contacto@bebidasnaturales.com', 7),
(8, 'J-89012345', 'Café Orgánico', 'Sofia Castro', '555-8888', 'info@cafeorganico.com', 8),
(9, 'J-90123456', 'Ferretería La Nueva', 'Diego Romero', '555-9999', 'ventas@ferreterianueva.com', 9),
(10, 'J-01234567', 'Electrodomésticos Modernos', 'Isabella Torres', '555-1000', 'atencion@electrodomesticosmodernos.com', 10),
(11, 'J-11234578', 'Ropa y Estilo', 'Fernando Díaz', '555-1011', 'info@ropayestilo.com', 11),
(12, 'J-21234579', 'Distribuciones Internacionales', 'Claudia Morales', '555-1022', 'contacto@distribucionesint.com', 12),
(13, 'J-31234580', 'Autopartes y Más', 'Andrés Vargas', '555-1033', 'ventas@autopartesymas.com', 13),
(14, 'J-41234581', 'Tecnología Global', 'Patricia Jiménez', '555-1044', 'info@tecnologiaglobal.com', 14),
(15, 'J-51234582', 'Muebles y Decoración', 'Jorge Hernández', '555-1055', 'contacto@mueblesydecoracion.com', 15),
(16, 'J-61234583', 'Farmacia Saludable', 'Mariana Castro', '555-1066', 'atencion@farmaciasaludable.com', 16),
(17, 'J-71234584', 'Tienda de Mascotas', 'Felipe Castro', '555-1077', 'info@tiendademascotas.com', 17),
(18, 'J-81234585', 'Alimentos Naturales', 'Natalia Sánchez', '555-1088', 'contacto@alimentosnaturales.com', 18),
(19, 'J-91234586', 'Cuidado Personal Belleza', 'Raúl Gómez', '555-1099', 'info@cuidado.belleza.com', 19),
(20, 'J-10234587', 'Papelería Creativa', 'Gina López', '555-1100', 'ventas@papeleriacreativa.com', 20),
(21, 'J-20234588', 'Suministros de Oficina', 'Ricardo Benítez', '555-1111', 'contacto@suministrosdeoficina.com', 21),
(22, 'J-30234589', 'Distribuidora de Ropa', 'Laura Salas', '555-1122', 'ventas@distribuidoraderopa.com', 22),
(23, 'J-40234590', 'Catering Gourmet', 'Alberto Méndez', '555-1133', 'info@cateringgourmet.com', 23),
(24, 'J-50234591', 'Joyas Exclusivas', 'Teresa Díaz', '555-1144', 'contacto@joyasexclusivas.com', 24),
(25, 'J-60234592', 'Construcciones Rápidas', 'Javier Pineda', '555-1155', 'ventas@construccionesrapidas.com', 25),
(26, 'J-70234593', 'Gadgets Innovadores', 'Carmen Ortega', '555-1166', 'info@gadgetsinnovadores.com', 26),
(27, 'J-80234594', 'Mudanzas Express', 'Sergio Reyes', '555-1177', 'contacto@mudanzasexpress.com', 27),
(28, 'J-90234595', 'Cuidado del Hogar', 'Elena Ríos', '555-1188', 'atencion@cuidadodelhogar.com', 28),
(29, 'J-01234596', 'Artículos de Baño', 'Marco Pérez', '555-1199', 'info@articulosdebanio.com', 29),
(30, 'J-11234597', 'Repuestos y Accesorios', 'Inés Ramírez', '555-1200', 'ventas@repuestos.com', 30),
(31, 'J-21234598', 'Distribuidor de Tecnología', 'Adriana Silva', '555-1211', 'contacto@tdistribuidor.com', 31),
(32, 'J-31234599', 'Productos Electrónicos', 'Rafael Torres', '555-1222', 'info@productoselectronicos.com', 32),
(33, 'J-41234600', 'Cuidado Infantil', 'Sonia Vargas', '555-1233', 'contacto@cuidadoinfantil.com', 33),
(34, 'J-51234601', 'Alimentos y Bebidas', 'Cristian Castro', '555-1244', 'info@alimentosybebidas.com', 34),
(35, 'J-61234602', 'Café y Té', 'Valeria Mendoza', '555-1255', 'contacto@cafeyte.com', 35),
(36, 'J-71234603', 'Distribución de Medicamentos', 'Hugo López', '555-1266', 'ventas@distribucionmedicamentos.com', 36),
(37, 'J-81234604', 'Papelería y Más', 'Patricia Morales', '555-1277', 'info@papeleriaymas.com', 37),
(38, 'J-91234605', 'Limpieza y Hogar', 'Luis García', '555-1288', 'contacto@limpiezayhogar.com', 38),
(39, 'J-10234606', 'Productos de Belleza', 'María Fernanda', '555-1299', 'info@productosdebelleza.com', 39),
(40, 'J-20234607', 'Cuidado Animal', 'Fernando Quintana', '555-1300', 'contacto@cuidadoanimal.com', 40);

-- Cliente
INSERT INTO Cliente (id, CI, nombre, apellido, correo, sexo, fechaNacimiento, fechaRegistro) VALUES
(1, 12345678, 'Juan', 'Pérez', 'juan.perez@gmail.com', 'M', '1985-05-15', '2025-02-01'),
(2, 23456789, 'María', 'González', 'maria.gonzalez@gmail.com', 'F', '1990-08-20', '2025-02-02'),
(3, 34567890, 'Carlos', 'López', 'carlos.lopez@gmail.com', 'M', '1982-12-30', '2025-02-03'),
(4, 45678901, 'Ana', 'Martínez', 'ana.martinez@gmail.com', 'F', '1995-03-10', '2025-02-04'),
(5, 56789012, 'Luis', 'Hernández', 'luis.hernandez@gmail.com', 'M', '1988-07-25', '2025-02-05'),
(6, 67890123, 'Laura', 'Ramírez', 'laura.ramirez@gmail.com', 'F', '1992-11-15', '2025-02-06'),
(7, 78901234, 'Jorge', 'Torres', 'jorge.torres@gmail.com', 'M', '1980-01-05', '2025-02-07'),
(8, 89012345, 'Sofía', 'Vásquez', 'sofia.vasquez@gmail.com', 'F', '1993-09-12', '2025-02-08'),
(9, 90123456, 'Andrés', 'Flores', 'andres.flores@gmail.com', 'M', '1987-04-22', '2025-02-09'),
(10, 12345679, 'Isabel', 'Cruz', 'isabel.cruz@gmail.com', 'F', '1991-06-18', '2025-02-10'),
(11, 23456780, 'Fernando', 'Jiménez', 'fernando.jimenez@gmail.com', 'M', '1984-02-14', '2025-02-11'),
(12, 34567891, 'Patricia', 'Mendoza', 'patricia.mendoza@gmail.com', 'F', '1989-10-30', '2025-02-12'),
(13, 45678902, 'Diego', 'Salazar', 'diego.salazar@gmail.com', 'M', '1983-05-05', '2025-02-13'),
(14, 56789013, 'Claudia', 'Rojas', 'claudia.rojas@gmail.com', 'F', '1994-07-22', '2025-02-14'),
(15, 67890124, 'Ricardo', 'Pineda', 'ricardo.pineda@gmail.com', 'M', '1981-03-17', '2025-02-15'),
(16, 78901235, 'Verónica', 'Cordero', 'veronica.cordero@gmail.com', 'F', '1992-11-29', '2025-02-16'),
(17, 89012346, 'Samuel', 'García', 'samuel.garcia@gmail.com', 'M', '1986-08-08', '2025-02-17'),
(18, 90123457, 'Gabriela', 'Soto', 'gabriela.soto@gmail.com', 'F', '1990-09-19', '2025-02-18'),
(19, 12345680, 'Alberto', 'Cruz', 'alberto.cruz@gmail.com', 'M', '1985-12-25', '2025-02-19'),
(20, 23456781, 'Natalia', 'Vega', 'natalia.vega@gmail.com', 'F', '1993-04-04', '2025-02-20'),
(21, 34567892, 'Javier', 'Salas', 'javier.salas@gmail.com', 'M', '1980-01-30', '2025-02-21'),
(22, 45678903, 'Lucía', 'Cáceres', 'lucia.caceres@gmail.com', 'F', '1991-05-15', '2025-02-22'),
(23, 56789014, 'Esteban', 'Márquez', 'esteban.marquez@gmail.com', 'M', '1987-06-20', '2025-02-23'),
(24, 67890125, 'Carla', 'Juarez', 'carla.juarez@gmail.com', 'F', '1994-07-10', '2025-02-24'),
(25, 78901236, 'Fernando', 'Perez', 'fernando.perez@gmail.com', 'M', '1983-08-05', '2025-02-25'),
(26, 89012347, 'Mariana', 'Jay', 'mariana.jay@gmail.com', 'F', '1992-09-15', '2025-02-26'),
(27, 90123458, 'Santiago', 'López', 'santiago.lopez@gmail.com', 'M', '1986-10-20', '2025-02-27'),
(28, 12345681, 'Valentina', 'Martínez', 'valentina.martinez@gmail.com', 'F', '1990-11-30', '2025-02-28'),
(29, 23456782, 'Diego', 'Ramírez', 'diego.ramirez@gmail.com', 'M', '1984-12-15', '2025-02-28'),
(30, 34567893, 'Sofía', 'Cruz', 'sofia.cruz@gmail.com', 'F', '1993-01-10', '2024-09-01'),
(31, 45678904, 'Pablo', 'García', 'pablo.garcia@gmail.com', 'M', '1981-02-20', '2024-09-02'),
(32, 56789015, 'Ana', 'Vásquez', 'ana.vasquez@gmail.com', 'F', '1995-03-25', '2024-09-03'),
(33, 67890126, 'Luis', 'Torres', 'luis.torres@gmail.com', 'M', '1988-04-30', '2024-09-04'),
(34, 78901237, 'Claudia', 'Salazar', 'claudia.salazar@gmail.com', 'F', '1992-05-15', '2024-09-05'),
(35, 89012348, 'Ricardo', 'Mendoza', 'ricardo.mendoza@gmail.com', 'M', '1986-06-20', '2024-09-06'),
(36, 90123459, 'Gabriela', 'Rojas', 'gabriela.rojas@gmail.com', 'F', '1990-07-25', '2024-09-07'),
(37, 12345682, 'Andrés', 'Cordero', 'andres.cordero@gmail.com', 'M', '1983-08-30', '2024-09-08'),
(38, 23456783, 'Natalia', 'Soto', 'natalia.soto@gmail.com', 'F', '1994-09-10', '2024-09-09'),
(39, 34567894, 'Fernando', 'Salas', 'fernando.salas@gmail.com', 'M', '1981-10-15', '2024-09-10'),
(40, 45678905, 'Lucía', 'Margarita', 'lucia.Margarita@gmail.com', 'F', '1992-11-20', '2024-09-11'),
(41, 56789016, 'Esteban', 'Guarez', 'esteban.Guarez@gmail.com', 'M', '1987-12-25', '2024-09-12'),
(42, 67890127, 'Carla', 'Pérez', 'carla.perez@gmail.com', 'F', '1993-01-30', '2024-09-13'),
(43, 78901238, 'Fernando', 'González', 'fernando.gonzalez@gmail.com', 'M', '1984-02-14', '2024-09-14'),
(44, 89012349, 'Mariana', 'Hernández', 'mariana.hernandez@gmail.com', 'F', '1990-03-20', '2024-09-15'),
(45, 90123460, 'Santiago', 'Guzmán','Santiago.Guzmán@gmail.com', 'M', '1987-02-14', '2024-09-14'),
(46, 23456784, 'Martín', 'Guzmán', 'martin.guzman@gmail.com', 'M', '1985-04-17', '2024-09-16'),
(47, 34567895, 'Isabel', 'Cordero', 'isabel.cordero@gmail.com', 'F', '1991-05-25', '2024-09-17'),
(48, 45678906, 'Héctor', 'Salas', 'hector.salas@gmail.com', 'M', '1983-06-30', '2024-09-18'),
(49, 56789017, 'Verónica', 'Vásquez', 'veronica.vasquez@gmail.com', 'F', '1990-07-15', '2024-09-19'),
(50, 67890128, 'Julio', 'Maldonado', 'julio.maldonado@gmail.com', 'M', '1982-08-05', '2024-09-20'),
(51, 78901239, 'Laura', 'Marín', 'laura.marin@gmail.com', 'F', '1994-09-10', '2024-09-21'),
(52, 89012350, 'Diego', 'Castillo', 'diego.castillo@gmail.com', 'M', '1986-10-20', '2024-09-22'),
(53, 90123461, 'Claudia', 'Pérez', 'claudia.perez@gmail.com', 'F', '1989-11-25', '2024-09-23'),
(54, 12345683, 'Ricardo', 'Rojas', 'ricardo.rojas@gmail.com', 'M', '1984-12-30', '2024-09-24'),
(55, 23456785, 'Tatiana', 'González', 'tatiana.gonzalez@gmail.com', 'F', '1993-01-15', '2024-09-25'),
(56, 34567896, 'Javier', 'Vásquez', 'javier.vasquez@gmail.com', 'M', '1980-02-20', '2024-09-26'),
(57, 45678907, 'Gabriela', 'Mendoza', 'gabriela.mendoza@gmail.com', 'F', '1987-03-01', '2024-09-27'),
(58, 56789018, 'Andrés', 'Morales', 'andres.morales@gmail.com', 'M', '1985-04-10', '2024-09-28'),
(59, 67890129, 'Sofía', 'Ramírez', 'sofia.ramirez@gmail.com', 'F', '1990-05-05', '2024-09-29'),
(60, 78901240, 'Luis', 'Cruz', 'luis.cruz@gmail.com', 'M', '1982-06-15', '2024-09-30'),
(61, 89012351, 'Ana', 'Hernández', 'ana.hernandez@gmail.com', 'F', '1991-07-25', '2024-09-30'),
(62, 90123462, 'Carlos', 'Torres', 'carlos.torres@gmail.com', 'M', '1986-08-29', '2024-10-01'),
(63, 12345684, 'Fernanda', 'Soto', 'fernanda.soto@gmail.com', 'F', '1992-09-12', '2024-10-02'),
(64, 23456786, 'Jorge', 'García', 'jorge.garcia@gmail.com', 'M', '1984-10-05', '2024-10-03'),
(65, 34567897, 'Patricia', 'Salazar', 'patricia.salazar@gmail.com', 'F', '1988-11-15', '2024-10-04'),
(66, 45678908, 'Fernando', 'Pineda', 'fernando.pineda@gmail.com', 'M', '1983-12-20', '2024-10-05'),
(67, 56789019, 'Lucía', 'Ríos', 'lucia.rios@gmail.com', 'F', '1995-01-25', '2024-10-06'),
(68, 67890130, 'Samuel', 'Cordero', 'samuel.cordero@gmail.com', 'M', '1990-02-15', '2024-10-07'),
(69, 78901241, 'Valeria', 'Cruz', 'valeria.cruz@gmail.com', 'F', '1986-03-20', '2024-10-08'),
(70, 89012352, 'Andrés', 'Maldonado', 'andres.maldonado@gmail.com', 'M', '1981-04-10', '2024-10-09'),
(71, 90123463, 'Claudia', 'Marín', 'claudia.marin@gmail.com', 'F', '1992-05-15', '2024-10-10'),
(72, 12345685, 'Ricardo', 'González', 'ricardo.gonzalez@gmail.com', 'M', '1989-06-30', '2024-10-11'),
(73, 23456787, 'Sofia', 'Pereira', 'sofia.pereira@gmail.com', 'F', '1994-07-25', '2024-10-12'),
(74, 34567898, 'Diego', 'Morales', 'diego.morales@gmail.com', 'M', '1985-08-20', '2024-10-13'),
(75, 45678909, 'Natalia', 'Rodríguez', 'natalia.rodriguez@gmail.com', 'F', '1990-09-15', '2024-10-14'),
(76, 56789020, 'Fernando', 'Sofa', 'fernando.sofa@gmail.com', 'M', '1982-10-10', '2024-10-15'),
(77, 67890131, 'Isabel', 'Hernández', 'isabel.hernandez@gmail.com', 'F', '1989-11-25', '2024-10-16'),
(78, 78901242, 'Javier', 'Castillo', 'javier.castillo@gmail.com', 'M', '1984-12-05', '2024-10-17'),
(79, 89012353, 'Gabriela', 'Vásquez', 'gabriela.vasquez@gmail.com', 'F', '1992-01-30', '2024-10-18'),
(80, 90123464, 'Martín', 'Gonzalo', 'martin.gonzalo@gmail.com', 'M', '1986-02-14', '2024-10-19'),
(81, 12345686, 'Clara', 'Salazar', 'clara.salazar@gmail.com', 'F', '1993-03-20', '2024-10-20'),
(82, 23456788, 'Luis', 'Excc', 'luis.exec@gmail.com', 'M', '1988-04-18', '2024-10-21'),
(83, 34567899, 'Patricia', 'García', 'patricia.garcia@gmail.com', 'F', '1991-05-15', '2024-10-22'),
(84, 45678910, 'Diego', 'Moreno', 'diego.moreno@gmail.com', 'M', '1985-06-20', '2024-10-23'),
(85, 56789021, 'Sofía', 'Vega', 'sofia.vega@gmail.com', 'F', '1987-07-10', '2024-10-24'),
(86, 67890132, 'Samuel', 'Torres', 'samuel.torres@gmail.com', 'M', '1990-08-29', '2024-10-25'),
(87, 78901243, 'Laura', 'Jiménez', 'laura.jimenez@gmail.com', 'F', '1983-09-03', '2024-10-26'),
(88, 89012354, 'Carlos', 'Maldonado', 'carlos.maldonado@gmail.com', 'M', '1989-10-15', '2024-10-27'),
(89, 90123465, 'Claudia', 'Cordero', 'claudia.cordero@gmail.com', 'F', '1994-11-20', '2024-10-28'),
(90, 12345687, 'Andrés', 'Ríos', 'andres.rios@gmail.com', 'M', '1982-12-25', '2024-10-29'),
(91, 23456790, 'Gabriela', 'López', 'gabriela.lopez@gmail.com', 'F', '1991-01-12', '2024-10-30'),
(92, 34567900, 'Fernando', 'Salazar', 'fernando.salazar@gmail.com', 'M', '1984-02-25', '2024-11-01'),
(93, 45679001, 'Mariana', 'Cruz', 'mariana.cruz@gmail.com', 'F', '1993-03-09', '2024-11-02'),
(94, 56789102, 'Jorge', 'Ramírez', 'jorge.ramirez@gmail.com', 'M', '1986-04-19', '2024-11-03'),
(95, 67890203, 'Sofía', 'Martínez', 'sofia.martinez@gmail.com', 'F', '1990-05-29', '2024-11-04'),
(96, 78901304, 'Diego', 'González', 'diego.gonzalez@gmail.com', 'M', '1982-06-11', '2024-11-05'),
(97, 89012405, 'Patricia', 'Hernández', 'patricia.hernandez@gmail.com', 'F', '1988-07-16', '2024-11-06'),
(98, 90123506, 'Ricardo', 'Vásquez', 'ricardo.vasquez@gmail.com', 'M', '1992-08-22', '2024-11-07'),
(99, 12345688, 'Valeria', 'Cordero', 'valeria.cordero@gmail.com', 'F', '1987-09-30', '2024-11-08'),
(100, 23456791, 'Samuel', 'Moreno', 'samuel.moreno@gmail.com', 'M', '1994-10-15', '2024-11-09');

-- ClienteDireccion
INSERT INTO ClienteDireccion (id, clienteId, tipoDireccion, dirLinea1, ciudadId) VALUES
-- Clientes con una dirección (80%)
(1, 1, 'Facturacion', 'Av. Reforma 123', 1),
(2, 2, 'Envio', 'Calle de la Paz 456', 2),
(3, 3, 'Facturacion', 'Boulevard de los Insurgentes 789', 3),
(4, 4, 'Envio', 'Calle 10 202', 4),
(5, 5, 'Facturacion', 'Calle 15 303', 5),
(6, 6, 'Envio', 'Calle 20 404', 6),
(7, 7, 'Facturacion', 'Calle 25 505', 7),
(8, 8, 'Envio', 'Calle 30 606', 8),
(9, 9, 'Facturacion', 'Calle 35 707', 9),
(10, 10, 'Envio', 'Calle 40 808', 10),
(11, 11, 'Facturacion', 'Calle 45 909', 11),
(12, 12, 'Envio', 'Calle 50 1010', 12),
(13, 13, 'Facturacion', 'Calle 55 1111', 13),
(14, 14, 'Envio', 'Calle 60 1212', 14),
(15, 15, 'Facturacion', 'Calle 65 1313', 15),
(16, 16, 'Envio', 'Calle 70 1414', 16),
(17, 17, 'Facturacion', 'Calle 75 1515', 1),
(18, 18, 'Envio', 'Calle 80 1616', 2),
(19, 19, 'Facturacion', 'Calle 85 1717', 3),
(20, 20, 'Envio', 'Calle 90 1818', 4),
(21, 21, 'Facturacion', 'Calle 95 1919', 5),
(22, 22, 'Envio', 'Calle 100 2020', 6),
(23, 23, 'Facturacion', 'Calle 105 2121', 7),
(24, 24, 'Envio', 'Calle 110 2222', 8),
(25, 25, 'Facturacion', 'Calle 115 2323', 9),
(26, 26, 'Envio', 'Calle 120 2424', 10),
(27, 27, 'Facturacion', 'Calle 125 2525', 11),
(28, 28, 'Envio', 'Calle 130 2626', 12),
(29, 29, 'Facturacion', 'Calle 135 2727', 13),
(30, 30, 'Envio', 'Calle 140 2828', 14),
(31, 31, 'Facturacion', 'Calle 145 2929', 15),
(32, 32, 'Envio', 'Calle 150 3030', 16),
(33, 33, 'Facturacion', 'Calle 155 3131', 1),
(34, 34, 'Envio', 'Calle 160 3232', 2),
(35, 35, 'Facturacion', 'Calle 165 3333', 3),
(36, 36, 'Envio', 'Calle 170 3434', 4),
(37, 37, 'Facturacion', 'Calle 175 3535', 5),
(38, 38, 'Envio', 'Calle 180 3636', 6),
(39, 39, 'Facturacion', 'Calle 185 3737', 7),
(40, 40, 'Envio', 'Calle 190 3838', 8),
(41, 41, 'Facturacion', 'Calle 195 3939', 9),
(42, 42, 'Envio', 'Calle 200 4040', 10),
(43, 43, 'Facturacion', 'Calle 205 4141', 11),
(44, 44, 'Envio', 'Calle 210 4242', 12),
(45, 45, 'Facturacion', 'Calle 215 4343', 13),
(46, 46, 'Envio', 'Calle 220 4444', 14),
(47, 47, 'Facturacion', 'Calle 225 4545', 15),
(48, 48, 'Envio', 'Calle 230 4646', 16),
(49, 49, 'Facturacion', 'Calle 235 4747', 1),
(50, 50, 'Envio', 'Calle 240 4848', 2),
(51, 51, 'Facturacion', 'Calle 245 4949', 3),
(52, 52, 'Envio', 'Calle 250 5050', 4),
(53, 53, 'Facturacion', 'Calle 255 5151', 5),
(54, 54, 'Envio', 'Calle 260 5252', 6),
(55, 55, 'Facturacion', 'Calle 265 5353', 7),
(56, 56, 'Envio', 'Calle 270 5454', 8),
(57, 57, 'Facturacion', 'Calle 275 5555', 9),
(58, 58, 'Envio', 'Calle 280 5656', 10),
(59, 59, 'Facturacion', 'Calle 285 5757', 11),
(60, 60, 'Envio', 'Calle 290 5858', 12),
(61, 61, 'Facturacion', 'Calle 295 5959', 13),
(62, 62, 'Envio', 'Calle 300 6060', 14),
(63, 63, 'Facturacion', 'Calle 305 6161', 15),
(64, 64, 'Envio', 'Calle 310 6262', 16),
(65, 65, 'Facturacion', 'Calle 315 6363', 1),
(66, 66, 'Envio', 'Calle 320 6464', 2),
(67, 67, 'Facturacion', 'Calle 325 6565', 3),
(68, 68, 'Envio', 'Calle 330 6666', 4),
(69, 69, 'Facturacion', 'Calle 335 6767', 5),
(70, 70, 'Envio', 'Calle 340 6868', 6),
(71, 71, 'Facturacion', 'Calle 345 6969', 7),
(72, 72, 'Envio', 'Calle 350 7070', 8),
(73, 73, 'Facturacion', 'Calle 355 7171', 9),
(74, 74, 'Envio', 'Calle 360 7272', 10),
(75, 75, 'Facturacion', 'Calle 365 7373', 11),
(76, 76, 'Envio', 'Calle 370 7474', 12),
(77, 77, 'Facturacion', 'Calle 375 7575', 13),
(78, 78, 'Envio', 'Calle 380 7676', 14),
(79, 79, 'Facturacion', 'Calle 385 7777', 15),
(80, 80, 'Envio', 'Calle 390 7878', 16),

-- Clientes con dos direcciones (20%)
-- Cliente 81
(81, 81, 'Facturacion', 'Calle Principal 123', 1),
(82, 81, 'Envio', 'Avenida Reforma 456', 2),

-- Cliente 82
(83, 82, 'Facturacion', 'Calle Secundaria 789', 3),
(84, 82, 'Envio', 'Boulevard Insurgentes 101', 4),

-- Cliente 83
(85, 83, 'Facturacion', 'Calle Independencia 202', 5),
(86, 83, 'Envio', 'Avenida Libertad 303', 6),

-- Cliente 84
(87, 84, 'Facturacion', 'Calle 5 de Mayo 404', 7),
(88, 84, 'Envio', 'Avenida Juárez 505', 8),

-- Cliente 85
(89, 85, 'Facturacion', 'Calle Hidalgo 606', 9),
(90, 85, 'Envio', 'Avenida Morelos 707', 10),

-- Cliente 86
(91, 86, 'Facturacion', 'Calle Zaragoza 808', 11),
(92, 86, 'Envio', 'Avenida Constitución 909', 12),

-- Cliente 87
(93, 87, 'Facturacion', 'Calle Benito Juárez 1010', 13),
(94, 87, 'Envio', 'Avenida Emiliano Zapata 1111', 14),

-- Cliente 88
(95, 88, 'Facturacion', 'Calle Francisco Villa 1212', 15),
(96, 88, 'Envio', 'Avenida Miguel Hidalgo 1313', 16),

-- Cliente 89
(97, 89, 'Facturacion', 'Calle Ignacio Allende 1414', 1),
(98, 89, 'Envio', 'Avenida Vicente Guerrero 1515', 2),

-- Cliente 90
(99, 90, 'Facturacion', 'Calle José María Morelos 1616', 3),
(100, 90, 'Envio', 'Avenida Mariano Matamoros 1717', 4),

-- Cliente 91
(101, 91, 'Facturacion', 'Calle Simón Bolívar 1818', 5),
(102, 91, 'Envio', 'Avenida José Martí 1919', 6),

-- Cliente 92
(103, 92, 'Facturacion', 'Calle San Martín 2020', 7),
(104, 92, 'Envio', 'Avenida Belgrano 2121', 8),

-- Cliente 93
(105, 93, 'Facturacion', 'Calle Rivadavia 2222', 9),
(106, 93, 'Envio', 'Avenida Mitre 2323', 10),

-- Cliente 94
(107, 94, 'Facturacion', 'Calle Sarmiento 2424', 11),
(108, 94, 'Envio', 'Avenida Alberdi 2525', 12),

-- Cliente 95
(109, 95, 'Facturacion', 'Calle Güemes 2626', 13),
(110, 95, 'Envio', 'Avenida Las Heras 2727', 14),

-- Cliente 96
(111, 96, 'Facturacion', 'Calle Lavalle 2828', 15),
(112, 96, 'Envio', 'Avenida Corrientes 2929', 16),

-- Cliente 97
(113, 97, 'Facturacion', 'Calle Florida 3030', 1),
(114, 97, 'Envio', 'Avenida Santa Fe 3131', 2),

-- Cliente 98
(115, 98, 'Facturacion', 'Calle Córdoba 3232', 3),
(116, 98, 'Envio', 'Avenida Entre Ríos 3333', 4),

-- Cliente 99
(117, 99, 'Facturacion', 'Calle Mendoza 3434', 5),
(118, 99, 'Envio', 'Avenida Tucumán 3535', 6),

-- Cliente 100
(119, 100, 'Facturacion', 'Calle Salta 3636', 7),
(120, 100, 'Envio', 'Avenida Jujuy 3737', 8);

-- Producto
INSERT INTO Producto (id, nombre, codigoBarra, descripcion, tipoPrecio, precioPor, esExentoIVA, categoriaId, marcaId) VALUES
(1, 'Coca-Cola 500ml', '1234567890123', 'Refresco de cola', 'PorUnidad', 1.50, 0, 1, 1),
(2, 'Pepsi 500ml', '1234567890124', 'Refresco de cola', 'PorUnidad', 1.50, 0, 1, 2),
(3, 'Nestle Pure Life 1L', '1234567890125', 'Agua mineral', 'PorUnidad', 1.00, 1, 1, 3),
(4, 'Unilever Shampoo 500ml', '1234567890126', 'Shampoo para cabello', 'PorUnidad', 3.50, 0, 9, 4),
(5, 'Kelloggs Corn Flakes 500g', '1234567890127', 'Cereal de maíz', 'PorUnidad', 2.50, 0, 25, 5),
(6, 'Danone Yogurt 1L', '1234567890128', 'Yogurt natural', 'PorUnidad', 2.00, 0, 2, 6),
(7, 'Heinz Ketchup 500ml', '1234567890129', 'Salsa de tomate', 'PorUnidad', 1.75, 0, 24, 7),
(8, 'Colgate Pasta Dental 100ml', '1234567890130', 'Pasta dental', 'PorUnidad', 1.25, 0, 9, 8),
(9, 'P&G Detergente 1kg', '1234567890131', 'Detergente en polvo', 'PorUnidad', 3.00, 0, 8, 9),
(10, 'Lays Papas Fritas 200g', '1234567890132', 'Papas fritas', 'PorUnidad', 1.75, 0, 6, 10),
(11, 'Bimbo Pan Blanco 500g', '1234567890133', 'Pan de molde', 'PorUnidad', 2.00, 0, 5, 11),
(12, 'La Serenisima Leche 1L', '1234567890134', 'Leche entera', 'PorUnidad', 1.25, 0, 2, 12),
(13, 'Quilmes Cerveza 500ml', '1234567890135', 'Cerveza rubia', 'PorUnidad', 2.00, 0, 11, 13),
(14, 'Arcor Caramelos 200g', '1234567890136', 'Caramelos surtidos', 'PorUnidad', 1.50, 0, 21, 14),
(15, 'Molinos Harina 1kg', '1234567890137', 'Harina de trigo', 'PorUnidad', 1.00, 0, 10, 15),
(16, 'Mondelez Galletas 300g', '1234567890138', 'Galletas de chocolate', 'PorUnidad', 2.00, 0, 26, 16),
(17, 'Knorr Sopa 100g', '1234567890139', 'Sopa instantánea', 'PorUnidad', 1.00, 0, 20, 17),
(18, 'Natura Crema 200ml', '1234567890140', 'Crema hidratante', 'PorUnidad', 3.50, 0, 9, 18),
(19, 'Fanta 500ml', '1234567890141', 'Refresco de naranja', 'PorUnidad', 1.50, 0, 1, 19),
(20, 'Sprite 500ml', '1234567890142', 'Refresco de limón', 'PorUnidad', 1.50, 0, 1, 20),
(21, 'Red Bull 250ml', '1234567890143', 'Bebida energética', 'PorUnidad', 2.50, 0, 21, 21),
(22, 'Monster 500ml', '1234567890144', 'Bebida energética', 'PorUnidad', 3.00, 0, 21, 22),
(23, 'Starbucks Café 250ml', '1234567890145', 'Café frío', 'PorUnidad', 2.50, 0, 18, 23),
(24, 'Nescafé 100g', '1234567890146', 'Café instantáneo', 'PorUnidad', 3.00, 0, 18, 24),
(25, 'Tropicana Jugo 1L', '1234567890147', 'Jugo de naranja', 'PorUnidad', 2.00, 0, 1, 25),
(26, 'Gatorade 500ml', '1234567890148', 'Bebida deportiva', 'PorUnidad', 1.75, 0, 1, 26),
(27, 'Oreo Galletas 300g', '1234567890149', 'Galletas de chocolate', 'PorUnidad', 2.00, 0, 26, 27),
(28, 'Cadbury Chocolate 100g', '1234567890150', 'Chocolate con leche', 'PorUnidad', 1.75, 0, 21, 28),
(29, 'Pillsbury Harina 1kg', '1234567890151', 'Harina para hornear', 'PorUnidad', 1.50, 0, 10, 29),
(30, 'Dove Jabón 100g', '1234567890152', 'Jabón de tocador', 'PorUnidad', 1.25, 0, 9, 30),
(31, 'L Oreal Shampoo 500ml', '1234567890153', 'Shampoo para cabello', 'PorUnidad', 4.00, 0, 9, 31),
(32, 'Nestle Chocolate 100g', '1234567890154', 'Chocolate con leche', 'PorUnidad', 1.75, 0, 21, 32),
(33, 'Delicius Galletas 300g', '1234567890155', 'Galletas surtidas', 'PorUnidad', 2.00, 0, 26, 33),
(34, 'GanadoGas Carne', '1234567890156', 'Carne de res', 'PorPesoKg', 10.00, 0, 3, 34),
(35, 'Under Armour Cerveza 500ml', '1234567890157', 'Cerveza artesanal', 'PorUnidad', 3.00, 0, 11, 35),
(36, 'Haagen-Dazs Helado 500ml', '1234567890158', 'Helado de vainilla', 'PorUnidad', 5.00, 0, 17, 36),
(37, 'Saludela Granola 500g', '1234567890159', 'Granola saludable', 'PorUnidad', 3.50, 0, 25, 37),
(38, 'Chips Ahoy! Galletas 300g', '1234567890160', 'Galletas de chocolate', 'PorUnidad', 2.00, 0, 26, 38),
(39, 'Sensodyne Pasta Dental 100ml', '1234567890161', 'Pasta dental', 'PorUnidad', 1.50, 0, 9, 39),
(40, 'Gama Detergente', '1234567890162', 'Detergente en polvo', 'PorPesoKg', 3.00, 0, 8, 40),
(41, 'Coca-Cola 2L', '1234567890163', 'Refresco de cola', 'PorUnidad', 2.50, 0, 1, 1),
(42, 'Pepsi 2L', '1234567890164', 'Refresco de cola', 'PorUnidad', 2.50, 0, 1, 2),
(43, 'Nestle Pure Life 500ml', '1234567890165', 'Agua mineral', 'PorUnidad', 0.75, 1, 1, 3),
(44, 'Unilever Jabón 100g', '1234567890166', 'Jabón de tocador', 'PorUnidad', 1.25, 0, 9, 4),
(45, 'Kelloggs Zucaritas Puff', '1234567890167', 'Cereal de maíz azucarado con forma de esferas', 'PorPesoKg', 5.50, 0, 25, 5),
(46, 'Danone Yogurt 500ml', '1234567890168', 'Yogurt natural', 'PorUnidad', 1.25, 0, 2, 6),
(47, 'Heinz Mostaza 500ml', '1234567890169', 'Mostaza', 'PorUnidad', 1.75, 0, 24, 7),
(48, 'Colgate Enjuague Bucal 500ml', '1234567890170', 'Enjuague bucal', 'PorUnidad', 2.50, 0, 9, 8),
(49, 'P&G Suavizante 1L', '1234567890171', 'Suavizante de ropa', 'PorUnidad', 3.50, 0, 8, 9),
(50, 'Lays Papas Fritas 500g', '1234567890172', 'Papas fritas', 'PorUnidad', 3.50, 0, 6, 10),
(51, 'Bimbo Pan Integral 500g', '1234567890173', 'Pan de molde integral', 'PorUnidad', 2.50, 0, 5, 11),
(52, 'La Serenisima Queso', '1234567890174', 'Queso fresco', 'PorPesoKg', 8.00, 0, 2, 12),
(53, 'Quilmes Cerveza 1L', '1234567890175', 'Cerveza rubia', 'PorUnidad', 3.50, 0, 11, 13),
(54, 'Arcor Chocolate 100g', '1234567890176', 'Chocolate con leche', 'PorUnidad', 1.75, 0, 21, 14),
(55, 'Molinos Fideos 500g', '1234567890177', 'Fideos de trigo', 'PorUnidad', 1.50, 0, 23, 15),
(56, 'Mondelez Galletas 500g', '1234567890178', 'Galletas de chocolate', 'PorUnidad', 3.00, 0, 26, 16),
(57, 'Knorr Caldo 100g', '1234567890179', 'Caldo de pollo', 'PorUnidad', 1.00, 0, 20, 17),
(58, 'Natura Shampoo 500ml', '1234567890180', 'Shampoo para cabello', 'PorUnidad', 3.50, 0, 9, 18),
(59, 'Fanta 2L', '1234567890181', 'Refresco de naranja', 'PorUnidad', 2.50, 0, 1, 19),
(60, 'Sprite 2L', '1234567890182', 'Refresco de limón', 'PorUnidad', 2.50, 0, 1, 20),
(61, 'Red Bull 500ml', '1234567890183', 'Bebida energética', 'PorUnidad', 3.50, 0, 21, 21),
(62, 'Monster 1L', '1234567890184', 'Bebida energética', 'PorUnidad', 5.00, 0, 21, 22),
(63, 'Starbucks Café 500ml', '1234567890185', 'Café frío', 'PorUnidad', 4.00, 0, 18, 23),
(64, 'Nescafé 200g', '1234567890186', 'Café instantáneo', 'PorUnidad', 5.00, 0, 18, 24),
(65, 'Tropicana Jugo 500ml', '1234567890187', 'Jugo de naranja', 'PorUnidad', 1.25, 0, 1, 25),
(66, 'Gatorade 1L', '1234567890188', 'Bebida deportiva', 'PorUnidad', 2.50, 0, 1, 26),
(67, 'Oreo Galletas 500g', '1234567890189', 'Galletas de chocolate', 'PorUnidad', 3.00, 0, 26, 27),
(68, 'Cadbury Chocolate 200g', '1234567890190', 'Chocolate con leche', 'PorUnidad', 3.00, 0, 21, 28),
(69, 'Pillsbury Harina', '1234567890191', 'Harina para hornear', 'PorPesoKg', 3.00, 0, 10, 29),
(70, 'Dove Jabón 200g', '1234567890192', 'Jabón de tocador', 'PorUnidad', 2.50, 0, 9, 30),
(71, 'L Oreal Shampoo 1L', '1234567890193', 'Shampoo para cabello', 'PorUnidad', 8.00, 0, 9, 31),
(72, 'Nestle Chocolate 200g', '1234567890194', 'Chocolate con leche', 'PorUnidad', 3.50, 0, 21, 32),
(73, 'Delicius Galletas 500g', '1234567890195', 'Galletas surtidas', 'PorUnidad', 3.50, 0, 26, 33),
(74, 'GanadoGas Carne Premium', '1234567890196', 'Carne de res calidad Premium', 'PorPesoKg', 20.00, 0, 3, 34),
(75, 'Under Armour Cerveza 1L', '1234567890197', 'Cerveza artesanal', 'PorUnidad', 6.00, 0, 11, 35),
(76, 'Haagen-Dazs Helado 1L', '1234567890198', 'Helado de vainilla', 'PorUnidad', 10.00, 0, 17, 36),
(77, 'Saludela Granola', '1234567890199', 'Granola saludable', 'PorPesoKg', 7.00, 0, 25, 37),
(78, 'Chips Ahoy! Galletas 500g', '1234567890200', 'Galletas de chocolate', 'PorUnidad', 3.50, 0, 26, 38),
(79, 'Sensodyne Pasta Dental 200ml', '1234567890201', 'Pasta dental', 'PorUnidad', 3.00, 0, 9, 39),
(80, 'Gama Detergente y suavizante', '1234567890202', 'Detergente en polvo y suavizante', 'PorPesoKg', 4.00, 0, 8, 40),
(81, 'Coca-Cola 1L', '1234567890203', 'Refresco de cola', 'PorUnidad', 2.00, 0, 1, 1),
(82, 'Pepsi 1L', '1234567890204', 'Refresco de cola', 'PorUnidad', 2.00, 0, 1, 2),
(83, 'Nestle Pure Life 2L', '1234567890205', 'Agua mineral', 'PorUnidad', 1.50, 1, 1, 3),
(84, 'Unilever Jabón 200g', '1234567890206', 'Jabón de tocador', 'PorUnidad', 2.50, 0, 9, 4),
(85, 'Kelloggs Zucaritas', '1234567890207', 'Cereal de maíz azucarado', 'PorPesoKg', 5.50, 0, 25, 5),
(86, 'Danone Yogurt 2L', '1234567890208', 'Yogurt natural', 'PorUnidad', 2.50, 0, 2, 6),
(87, 'Heinz Mostaza 1L', '1234567890209', 'Mostaza', 'PorUnidad', 3.50, 0, 24, 7),
(88, 'Colgate Enjuague Bucal 1L', '1234567890210', 'Enjuague bucal', 'PorUnidad', 5.00, 0, 9, 8),
(89, 'P&G Suavizante 2L', '1234567890211', 'Suavizante de ropa', 'PorUnidad', 7.00, 0, 8, 9),
(90, 'Lays Papas Fritas', '1234567890212', 'Papas fritas', 'PorPesoKg', 7.00, 0, 6, 10),
(91, 'Bimbo Pan Integral 1kg', '1234567890213', 'Pan de molde integral', 'PorUnidad', 5.00, 0, 5, 11),
(92, 'La Serenisima Queso Mozzarella', '1234567890214', 'Queso mozzarella fresco', 'PorPesoKg', 12.00, 0, 2, 12),
(93, 'Quilmes Cerveza 2L', '1234567890215', 'Cerveza rubia', 'PorUnidad', 7.00, 0, 11, 13),
(94, 'Arcor Chocolate 200g', '1234567890216', 'Chocolate con leche', 'PorUnidad', 3.50, 0, 21, 14),
(95, 'Molinos Fideos 1kg', '1234567890217', 'Fideos de trigo', 'PorUnidad', 3.00, 0, 23, 15),
(96, 'Mondelez Galletas', '1234567890218', 'Galletas de chocolate', 'PorPesoKg', 6.00, 0, 26, 16),
(97, 'Knorr Caldo 200g', '1234567890219', 'Caldo de pollo', 'PorUnidad', 2.00, 0, 20, 17),
(98, 'Natura Shampoo 1L', '1234567890220', 'Shampoo para cabello', 'PorUnidad', 7.00, 0, 9, 18),
(99, 'Fanta 1L', '1234567890221', 'Refresco de naranja', 'PorUnidad', 2.00, 0, 1, 19),
(100, 'Sprite 1L', '1234567890222', 'Refresco de limón', 'PorUnidad', 2.00, 0, 1, 20),
(101, 'Red Bull 1L', '1234567890223', 'Bebida energética', 'PorUnidad', 7.00, 0, 21, 21),
(102, 'Monster 2L', '1234567890224', 'Bebida energética', 'PorUnidad', 10.00, 0, 21, 22),
(103, 'Starbucks Café 1L', '1234567890225', 'Café frío', 'PorUnidad', 8.00, 0, 18, 23),
(104, 'Nescafé', '1234567890226', 'Café instantáneo', 'PorPesoKg', 10.00, 0, 18, 24),
(105, 'Tropicana Jugo 2L', '1234567890227', 'Jugo de naranja', 'PorUnidad', 2.50, 0, 1, 25),
(106, 'Gatorade 2L', '1234567890228', 'Bebida deportiva', 'PorUnidad', 5.00, 0, 1, 26),
(107, 'Oreo Galletas', '1234567890229', 'Galletas de chocolate', 'PorPesoKg', 6.00, 0, 26, 27),
(108, 'Cadbury Chocolate', '1234567890230', 'Chocolate con leche', 'PorPesoKg', 7.00, 0, 21, 28),
(109, 'Pillsbury Harina Chocolate', '1234567890231', 'Harina para hornear con cacao en polvo', 'PorPesoKg', 4.00, 0, 10, 29),
(110, 'Dove Jabón 500g', '1234567890232', 'Jabón de tocador', 'PorUnidad', 6.25, 0, 9, 30),
(111, 'L Oreal Shampoo 2L', '1234567890233', 'Shampoo para cabello', 'PorUnidad', 15.00, 0, 9, 31),
(112, 'Nestle Chocolate', '1234567890234', 'Chocolate con leche', 'PorPesoKg', 8.75, 0, 21, 32),
(113, 'Delicius Galletas 1kg', '1234567890235', 'Galletas surtidas', 'PorUnidad', 7.00, 0, 26, 33),
(114, 'GanadoGas Carne Kobe', '1234567890236', 'Carne de Kobe extra Premium', 'PorPesoKg', 50.00, 0, 3, 34),
(115, 'Under Armour Cerveza 2L', '1234567890237', 'Cerveza artesanal', 'PorUnidad', 12.00, 0, 11, 35),
(116, 'Haagen-Dazs Helado 2L', '1234567890238', 'Helado de vainilla', 'PorUnidad', 20.00, 0, 17, 36),
(117, 'Saludela Granola con miel', '1234567890239', 'Granola saludable con miel', 'PorPesoKg', 10.00, 0, 25, 37),
(118, 'Chips Ahoy! Galletas 1kg', '1234567890240', 'Galletas de chocolate', 'PorUnidad', 7.00, 0, 26, 38),
(119, 'Sensodyne Pasta Dental 500ml', '1234567890241', 'Pasta dental', 'PorUnidad', 7.50, 0, 9, 39),
(120, 'Gama Detergente 3/1', '1234567890242', 'Detergente en polvo 3/1', 'PorPesoKg', 15.00, 0, 8, 40),
(121, 'Coca-Cola 3L', '1234567890243', 'Refresco de cola', 'PorUnidad', 3.50, 0, 1, 1),
(122, 'Pepsi 3L', '1234567890244', 'Refresco de cola', 'PorUnidad', 3.50, 0, 1, 2),
(123, 'Nestle Pure Life 3L', '1234567890245', 'Agua mineral', 'PorUnidad', 2.25, 1, 1, 3),
(124, 'Unilever Jabón liquido', '1234567890246', 'Jabón de tocador', 'PorPesoKg', 6.25, 0, 9, 4),
(125, 'Kelloggs Zucaritas Chocolatadas', '1234567890247', 'Cereal de maíz azucarado cubierto de chocolate', 'PorPesoKg', 7.50, 0, 25, 5),
(126, 'Danone Yogurt 3L', '1234567890248', 'Yogurt natural', 'PorUnidad', 3.75, 0, 2, 6),
(127, 'Heinz Mostaza 2L', '1234567890249', 'Mostaza', 'PorUnidad', 7.00, 0, 24, 7),
(128, 'Colgate Enjuague Bucal 2L', '1234567890250', 'Enjuague bucal', 'PorUnidad', 10.00, 0, 9, 8),
(129, 'P&G Suavizante 5L', '1234567890251', 'Suavizante de ropa', 'PorUnidad', 17.50, 0, 8, 9),
(130, 'Lays Papas Fritas Sazonadas', '1234567890252', 'Papas fritas sazonadas', 'PorPesoKg', 10.00, 0, 6, 10),
(131, 'Bimbo Pan Integral 2kg', '1234567890253', 'Pan de molde integral', 'PorUnidad', 10.00, 0, 5, 11),
(132, 'La Serenisima Queso Azul', '1234567890254', 'Queso Azul fresco', 'PorPesoKg', 20.00, 0, 2, 12),
(133, 'Quilmes Cerveza 3L', '1234567890255', 'Cerveza rubia', 'PorUnidad', 10.50, 0, 11, 13),
(134, 'Arcor Chocolate', '1234567890256', 'Chocolate con leche', 'PorPesoKg', 8.75, 0, 21, 14),
(135, 'Molinos Fideos 2kg', '1234567890257', 'Fideos de trigo', 'PorUnidad', 6.00, 0, 23, 15),
(136, 'Mondelez Galletas Premium', '1234567890258', 'Galletas de chocolate calidad Premium', 'PorPesoKg', 10.00, 0, 26, 16),
(137, 'Knorr Caldo 500g', '1234567890259', 'Caldo de pollo', 'PorUnidad', 5.00, 0, 20, 17),
(138, 'Natura Shampoo 2L', '1234567890260', 'Shampoo para cabello', 'PorUnidad', 14.00, 0, 9, 18),
(139, 'Fanta 3L', '1234567890261', 'Refresco de naranja', 'PorUnidad', 3.50, 0, 1, 19),
(140, 'Sprite 3L', '1234567890262', 'Refresco de limón', 'PorUnidad', 3.50, 0, 1, 20),
(141, 'Red Bull 2L', '1234567890263', 'Bebida energética', 'PorUnidad', 14.00, 0, 21, 21),
(142, 'Monster 3L', '1234567890264', 'Bebida energética', 'PorUnidad', 15.00, 0, 21, 22),
(143, 'Starbucks Café 2L', '1234567890265', 'Café frío', 'PorUnidad', 16.00, 0, 18, 23),
(144, 'Nescafé Vainilla', '1234567890266', 'Café instantáneo sabor a vainilla', 'PorPesoKg', 13.00, 0, 18, 24),
(145, 'Tropicana Jugo 3L', '1234567890267', 'Jugo de naranja', 'PorUnidad', 3.75, 0, 1, 25),
(146, 'Gatorade 3L', '1234567890268', 'Bebida deportiva', 'PorUnidad', 7.50, 0, 1, 26),
(147, 'Oreo Galletas Americanas', '1234567890269', 'Galletas de chocolate estilo americano', 'PorPesoKg', 12.00, 0, 26, 27),
(148, 'Cadbury Chicha', '1234567890270', 'Edicion bebida tradicional venezolana', 'PorPesoKg', 10.00, 0, 21, 28),
(149, 'Pillsbury Harina Vainilla', '1234567890271', 'Harina para hornear con sabor a Vainilla', 'PorPesoKg', 5.00, 0, 10, 29),
(150, 'Dove Jabón 1kg', '1234567890272', 'Jabón de tocador', 'PorUnidad', 12.50, 0, 9, 30),
(151, 'Coca-Cola Zero 500ml', '1234567890273', 'Refresco de cola sin azúcar', 'PorUnidad', 1.50, 0, 1, 1),
(152, 'Pepsi Light 500ml', '1234567890274', 'Refresco de cola sin azúcar', 'PorUnidad', 1.50, 0, 1, 2),
(153, 'Nestle Pure Life 500ml', '1234567890275', 'Agua mineral', 'PorUnidad', 0.75, 1, 1, 3),
(154, 'Unilever Crema Corporal 200ml', '1234567890276', 'Crema hidratante', 'PorUnidad', 3.50, 0, 9, 4),
(155, 'Kelloggs All Bran 500g', '1234567890277', 'Cereal de salvado', 'PorUnidad', 2.75, 0, 25, 5),
(156, 'Danone Yogurt Griego 1L', '1234567890278', 'Yogurt griego', 'PorUnidad', 2.50, 0, 2, 6),
(157, 'Heinz Mayonesa 500ml', '1234567890279', 'Mayonesa', 'PorUnidad', 1.75, 0, 24, 7),
(158, 'Colgate Cepillo Dental', '1234567890280', 'Cepillo dental', 'PorUnidad', 1.25, 0, 9, 8),
(159, 'P&G Lavaplatos 1L', '1234567890281', 'Lavaplatos líquido', 'PorUnidad', 3.00, 0, 8, 9),
(160, 'Lays Papas Fritas BBQ 200g', '1234567890282', 'Papas fritas sabor BBQ', 'PorUnidad', 1.75, 0, 6, 10),
(161, 'Bimbo Pan Dulce 500g', '1234567890283', 'Pan dulce', 'PorUnidad', 2.50, 0, 5, 11),
(162, 'Bimbo Pan Integral 500g', '1234567890284', 'Pan de molde integral', 'PorUnidad', 2.50, 0, 5, 11),
(163, 'La Serenisima Yogurt 1L', '1234567890285', 'Yogurt natural', 'PorUnidad', 2.00, 0, 2, 12),
(164, 'Quilmes Cerveza 500ml', '1234567890286', 'Cerveza rubia', 'PorUnidad', 2.00, 0, 11, 13),
(165, 'Arcor Caramelos 200g', '1234567890287', 'Caramelos surtidos', 'PorUnidad', 1.50, 0, 21, 14),
(166, 'Molinos Harina 1kg', '1234567890288', 'Harina de trigo', 'PorUnidad', 1.00, 0, 10, 15),
(167, 'Mondelez Galletas 300g', '1234567890289', 'Galletas de chocolate', 'PorUnidad', 2.00, 0, 26, 16),
(168, 'Knorr Sopa 100g', '1234567890290', 'Sopa instantánea', 'PorUnidad', 1.00, 0, 20, 17),
(169, 'Natura Crema 200ml', '1234567890291', 'Crema hidratante', 'PorUnidad', 3.50, 0, 9, 18),
(170, 'Fanta 500ml', '1234567890292', 'Refresco de naranja', 'PorUnidad', 1.50, 0, 1, 19),
(171, 'Sprite 500ml', '1234567890293', 'Refresco de limón', 'PorUnidad', 1.50, 0, 1, 20),
(172, 'Red Bull 250ml', '1234567890294', 'Bebida energética', 'PorUnidad', 2.50, 0, 21, 21),
(173, 'Monster 500ml', '1234567890295', 'Bebida energética', 'PorUnidad', 3.00, 0, 21, 22),
(174, 'Starbucks Café 250ml', '1234567890296', 'Café frío', 'PorUnidad', 2.50, 0, 18, 23),
(175, 'Nescafé Moca', '1234567890297', 'Café instantáneo sabor a chocolate', 'PorPesoKg', 13.00, 0, 18, 24),
(176, 'Tropicana Jugo 1L', '1234567890298', 'Jugo de naranja', 'PorUnidad', 2.00, 0, 1, 25),
(177, 'Gatorade 500ml', '1234567890299', 'Bebida deportiva', 'PorUnidad', 1.75, 0, 1, 26),
(178, 'Starbucks Café 1.5L', '1234567890323', 'Café frío', 'PorUnidad', 6.00, 0, 18, 23),
(179, 'Coca-Cola Zero 1L', '1234567890301', 'Refresco de cola sin azúcar', 'PorUnidad', 2.00, 0, 1, 1),
(180, 'Pepsi Light 1L', '1234567890302', 'Refresco de cola sin azúcar', 'PorUnidad', 2.00, 0, 1, 2),
(181, 'Nestle Pure Life 1.5L', '1234567890303', 'Agua mineral', 'PorUnidad', 1.25, 1, 1, 3),
(182, 'Unilever Crema Corporal 500ml', '1234567890304', 'Crema hidratante', 'PorUnidad', 5.00, 0, 9, 4),
(183, 'Kelloggs All Bran', '1234567890305', 'Cereal de salvado', 'PorPesoKg', 5.50, 0, 25, 5),
(184, 'Danone Yogurt Griego 2L', '1234567890306', 'Yogurt griego', 'PorUnidad', 3.75, 0, 2, 6),
(185, 'Heinz Mayonesa 1L', '1234567890307', 'Mayonesa', 'PorUnidad', 3.50, 0, 24, 7),
(186, 'Colgate Cepillo Dental Doble', '1234567890308', 'Cepillo dental doble', 'PorUnidad', 2.50, 0, 9, 8),
(187, 'P&G Lavaplatos 2L', '1234567890309', 'Lavaplatos líquido', 'PorUnidad', 6.00, 0, 8, 9),
(188, 'Lays Papas Fritas BBQ 500g', '1234567890310', 'Papas fritas sabor BBQ', 'PorUnidad', 3.50, 0, 6, 10),
(189, 'Bimbo Pan Dulce 1kg', '1234567890311', 'Pan dulce', 'PorUnidad', 5.00, 0, 5, 11),
(190, 'La Serenisima Yogurt 2L', '1234567890312', 'Yogurt natural', 'PorUnidad', 3.00, 0, 2, 12),
(191, 'Quilmes Cerveza 1.5L', '1234567890313', 'Cerveza rubia', 'PorUnidad', 5.25, 0, 11, 13),
(192, 'Arcor Caramelos 500g', '1234567890314', 'Caramelos surtidos', 'PorUnidad', 3.75, 0, 21, 14),
(193, 'Molinos Harina Leudante', '1234567890315', 'Harina de trigo con leudante', 'PorPesoKg', 1.50, 0, 10, 15),
(194, 'Mondelez Galletas de Mantequilla', '1234567890316', 'Galletas de mantequilla', 'PorPesoKg', 4.50, 0, 26, 16),
(195, 'Knorr Sopa 200g', '1234567890317', 'Sopa instantánea', 'PorUnidad', 2.00, 0, 20, 17),
(196, 'Natura Crema 500ml', '1234567890318', 'Crema hidratante', 'PorUnidad', 5.00, 0, 9, 18),
(197, 'Fanta 1.5L', '1234567890319', 'Refresco de naranja', 'PorUnidad', 2.50, 0, 1, 19),
(198, 'Sprite 1.5L', '1234567890320', 'Refresco de limón', 'PorUnidad', 2.50, 0, 1, 20),
(199, 'Red Bull 500ml', '1234567890321', 'Bebida energética', 'PorUnidad', 3.50, 0, 21, 21),
(200, 'Manzana Roja', '1234567890300', 'Manzana roja fresca', 'PorPesoKg', 3.00, 0, 4, 37),
(201, 'Banana', '1234577890301', 'Banana fresca', 'PorPesoKg', 1.50, 0, 4, 37),
(202, 'Naranja', '1234567810302', 'Naranja fresca', 'PorPesoKg', 2.00, 0, 4, 37),
(203, 'Uva', '1238567890303', 'Uva fresca', 'PorPesoKg', 4.00, 0, 4, 37),
(204, 'Pera', '3234567890304', 'Pera fresca', 'PorPesoKg', 2.50, 0, 4, 37),
(205, 'Fresa', '1234567800305', 'Fresa fresca', 'PorPesoKg', 5.00, 0, 4, 37),
(206, 'Kiwi', '1334567890306', 'Kiwi fresco', 'PorPesoKg', 6.00, 0, 4, 37),
(207, 'Mango', '1234568890307', 'Mango fresco', 'PorPesoKg', 3.50, 0, 4, 37),
(208, 'Papaya', '1634567890308', 'Papaya fresca', 'PorPesoKg', 2.75, 0, 4, 37),
(209, 'Piña', '1214567890209', 'Piña fresca', 'PorPesoKg', 3.25, 0, 4, 37);

-- Promo
INSERT INTO Promo (id, nombre, slogan, codigo, tipoDescuento, valorDescuento, fechaInicio, fechaFin, tipoPromocion) VALUES
(1, 'Promo Coca-Cola', 'Disfruta de Coca-Cola a un precio especial', 1001, 'Porcentaje', 10.00, '2025-01-01', '2025-01-31', 'Ambos'),
(2, 'Promo Pepsi', 'Pepsi a mitad de precio', 1002, 'Porcentaje', 50.00, '2025-02-01', '2025-02-28', 'Online'),
(3, 'Promo Nestle', 'Descuento en productos Nestle', 1003, 'Fijo', 1.00, '2025-03-01', '2025-03-31', 'Fisica'),
(4, 'Promo Unilever', 'Ahorra en productos Unilever', 1004, 'Porcentaje', 15.00, '2025-04-01', '2025-04-30', 'Ambos'),
(5, 'Promo Kelloggs', 'Descuento en cereales Kelloggs', 1005, 'Fijo', 0.50, '2025-05-01', '2025-05-31', 'Online'),
(6, 'Promo Danone', 'Yogurt Danone a precio especial', 1006, 'Porcentaje', 20.00, '2025-06-01', '2025-06-30', 'Fisica'),
(7, 'Promo Heinz', 'Descuento en salsas Heinz', 1007, 'Fijo', 0.75, '2025-07-01', '2025-07-31', 'Ambos'),
(8, 'Promo Colgate', 'Ahorra en productos Colgate', 1008, 'Porcentaje', 25.00, '2025-08-01', '2025-08-31', 'Online'),
(9, 'Promo P&G', 'Descuento en productos P&G', 1009, 'Fijo', 1.50, '2025-09-01', '2025-09-30', 'Fisica'),
(10, 'Promo Lays', 'Papas fritas Lays a precio especial', 1010, 'Porcentaje', 30.00, '2025-10-01', '2025-10-31', 'Ambos'),
(11, 'Promo Bimbo', 'Descuento en pan Bimbo', 1011, 'Fijo', 0.75, '2025-11-01', '2025-11-30', 'Online'),
(12, 'Promo La Serenisima', 'Ahorra en productos La Serenisima', 1012, 'Porcentaje', 10.00, '2025-12-01', '2025-12-31', 'Fisica'),
(13, 'Promo Quilmes', 'Cerveza Quilmes a precio especial', 1013, 'Fijo', 1.00, '2025-01-01', '2025-01-31', 'Ambos'),
(14, 'Promo Arcor', 'Descuento en caramelos Arcor', 1014, 'Porcentaje', 15.00, '2025-02-01', '2025-02-28', 'Online'),
(15, 'Promo Molinos', 'Ahorra en productos Molinos', 1015, 'Fijo', 0.50, '2025-03-01', '2025-03-31', 'Fisica'),
(16, 'Promo Mondelez', 'Descuento en galletas Mondelez', 1016, 'Porcentaje', 20.00, '2025-04-01', '2025-04-30', 'Ambos'),
(17, 'Promo Knorr', 'Sopas Knorr a precio especial', 1017, 'Fijo', 0.75, '2025-05-01', '2025-05-31', 'Online'),
(18, 'Promo Natura', 'Ahorra en productos Natura', 1018, 'Porcentaje', 25.00, '2025-06-01', '2025-06-30', 'Fisica'),
(19, 'Promo Fanta', 'Descuento en refrescos Fanta', 1019, 'Fijo', 1.00, '2025-07-01', '2025-07-31', 'Ambos'),
(20, 'Promo Sprite', 'Refrescos Sprite a precio especial', 1020, 'Porcentaje', 10.00, '2025-08-01', '2025-08-31', 'Online'),
(21, 'Promo Red Bull', 'Descuento en bebidas energéticas Red Bull', 1021, 'Fijo', 1.50, '2025-09-01', '2025-09-30', 'Fisica'),
(22, 'Promo Monster', 'Ahorra en bebidas energéticas Monster', 1022, 'Porcentaje', 15.00, '2025-10-01', '2025-10-31', 'Ambos'),
(23, 'Promo Starbucks', 'Descuento en café Starbucks', 1023, 'Fijo', 2.00, '2025-11-01', '2025-11-30', 'Online'),
(24, 'Promo Nescafé', 'Café Nescafé a precio especial', 1024, 'Porcentaje', 20.00, '2025-12-01', '2025-12-31', 'Fisica'),
(25, 'Promo Tropicana', 'Descuento en jugos Tropicana', 1025, 'Fijo', 1.00, '2025-01-01', '2025-01-31', 'Ambos'),
(26, 'Promo Gatorade', 'Ahorra en bebidas deportivas Gatorade', 1026, 'Porcentaje', 10.00, '2025-02-01', '2025-02-28', 'Online'),
(27, 'Promo Oreo', 'Descuento en galletas Oreo', 1027, 'Fijo', 0.75, '2025-03-01', '2025-03-31', 'Fisica'),
(28, 'Promo Cadbury', 'Ahorra en chocolates Cadbury', 1028, 'Porcentaje', 15.00, '2025-04-01', '2025-04-30', 'Ambos'),
(29, 'Promo Pillsbury', 'Descuento en harina Pillsbury', 1029, 'Fijo', 1.00, '2025-05-01', '2025-05-31', 'Online'),
(30, 'Promo Dove', 'Ahorra en productos Dove', 1030, 'Porcentaje', 20.00, '2025-06-01', '2025-06-30', 'Fisica'),
(31, 'Promo L Oreal', 'Descuento en productos L Oreal', 1031, 'Fijo', 2.00, '2025-07-01', '2025-07-31', 'Ambos'),
(32, 'Promo Delicius', 'Galletas Delicius a precio especial', 1032, 'Porcentaje', 10.00, '2025-08-01', '2025-08-31', 'Online'),
(33, 'Promo GanadoGas', 'Descuento en carne GanadoGas', 1033, 'Fijo', 1.50, '2025-09-01', '2025-09-30', 'Fisica'),
(34, 'Promo Under Armour', 'Ahorra en cerveza Under Armour', 1034, 'Porcentaje', 15.00, '2025-10-01', '2025-10-31', 'Ambos'),
(35, 'Promo Haagen-Dazs', 'Descuento en helados Haagen-Dazs', 1035, 'Fijo', 2.00, '2025-11-01', '2025-11-30', 'Online'),
(36, 'Promo Saludela', 'Ahorra en productos Saludela', 1036, 'Porcentaje', 20.00, '2025-12-01', '2025-12-31', 'Fisica'),
(37, 'Promo Chips Ahoy!', 'Descuento en galletas Chips Ahoy!', 1037, 'Fijo', 0.75, '2025-01-01', '2025-01-31', 'Ambos'),
(38, 'Promo Sensodyne', 'Ahorra en pasta dental Sensodyne', 1038, 'Porcentaje', 10.00, '2025-02-01', '2025-02-28', 'Online'),
(39, 'Promo Gama', 'Descuento en detergente Gama', 1039, 'Fijo', 1.00, '2025-03-01', '2025-03-31', 'Fisica'),
(40, 'Promo Coca-Cola Zero', 'Coca-Cola Zero a precio especial', 1040, 'Porcentaje', 15.00, '2025-04-01', '2025-04-30', 'Ambos'),
(41, 'Verano en Gama', 'Descuento especial de verano en productos Gama', 1041, 'Porcentaje', 20.00, '2025-06-01', '2025-08-31', 'Ambos');

-- 25% de los clientes deben tener al menos 1 producto en el carrito.

INSERT INTO Carrito (clienteId, productoId, fechaAgregado, cantidad, precioPor) VALUES 
(1, 1, '2025-02-02', 2, 1.50),
(2, 2, '2025-02-03', 1, 1.50),
(3, 3, '2025-02-04', 3, 1.00),
(4, 4, '2025-02-05', 1, 3.50),
(5, 5, '2025-02-06', 4, 2.50),
(6, 6, '2025-02-07', 2, 2.00),
(7, 7, '2025-02-08', 5, 1.75),
(8, 8, '2025-02-09', 3, 1.25),
(9, 9, '2025-02-10', 2, 3.00),
(10, 10, '2025-02-11', 1, 1.75),
(11, 11, '2025-02-12', 3, 2.00),
(12, 12, '2025-02-13', 2, 1.25),
(13, 13, '2025-02-14', 4, 2.00),
(14, 14, '2025-02-15', 1, 1.50),
(15, 15, '2025-02-16', 3, 1.00),
(16, 16, '2025-02-17', 2, 2.00),
(17, 17, '2025-02-18', 5, 1.00),
(18, 18, '2025-02-19', 2, 3.50),
(19, 19, '2025-02-20', 1, 1.50),
(20, 20, '2025-02-21', 4, 1.50),
(21, 21, '2025-02-22', 2, 2.50),
(22, 22, '2025-02-23', 3, 3.00),
(23, 23, '2025-02-24', 1, 2.50),
(24, 24, '2025-02-25', 5, 3.00),
(25, 25, '2025-02-26', 2, 2.00);

-- 40 recomendaciones en las tabla de recomendaciones.

-- Tabla de ProductoRecomendadoParaProducto.

INSERT INTO ProductoRecomendadoParaProducto (productoId, productoRecomendadoId, mensaje) VALUES
(1, 2, 'Si te gusta la Coca-Cola, también deberías probar Pepsi.'),
(2, 1, 'Si prefieres Pepsi, no te pierdas Coca-Cola.'),
(2, 42, 'Pepsi 2L es ideal para fiestas y reuniones.'),
(3, 4, 'Combina Nestle Pure Life con Unilever Shampoo para un día de spa en casa.'),
(3, 6, 'Acompaña tu agua con un delicioso yogurt Danone.'),
(4, 8, 'Usa Colgate Pasta Dental después de disfrutar de Unilever Shampoo.'),
(4, 30, 'Dove Jabón es perfecto para complementar tu rutina de cuidado personal.'),
(5, 10, 'Kelloggs Corn Flakes va muy bien con leche La Serenisima.'),
(5, 11, 'Prueba Bimbo Pan Blanco con tus cereales para un desayuno completo.'),
(6, 3, 'Un yogurt Danone es un excelente complemento para tu agua mineral.'),
(6, 12, 'Acompaña tu yogurt con galletas Oreo para un snack delicioso.'),
(7, 9, 'Heinz Ketchup es ideal para acompañar tus papas fritas.'),
(7, 10, 'No olvides las Lays Papas Fritas para un aperitivo perfecto.'),
(8, 39, 'Colgate Pasta Dental es esencial para una buena higiene bucal.'),
(9, 40, 'P&G Detergente es perfecto para mantener tu ropa limpia.'),
(10, 11, 'Lays Papas Fritas son el snack ideal para acompañar tu pan.'),
(11, 12, 'La Serenisima Leche es perfecta para tus desayunos con pan.'),
(12, 13, 'Combina leche con galletas para un delicioso postre.'),
(13, 14, 'Quilmes Cerveza es ideal para disfrutar con caramelos Arcor.'),
(14, 28, 'Prueba Arcor Caramelos con un chocolate Cadbury para un dulce momento.'),
(15, 29, 'Molinos Harina es perfecta para hacer fideos caseros.'),
(16, 38, 'Mondelez Galletas son un excelente acompañante para tu café.'),
(17, 19, 'Knorr Sopa es ideal para un almuerzo ligero con Fanta.'),
(18, 6, 'Natura Crema es perfecta para hidratar tu piel después de un baño.'),
(19, 20, 'Fanta combina bien con Sprite para un refresco variado.'),
(20, 21, 'Red Bull es ideal para mantenerte activo durante el día.'),
(21, 22, 'Monster es una excelente opción para un impulso extra de energía.'),
(22, 21, 'Prueba Red Bull con un snack para un día lleno de energía.'),
(23, 24, 'Starbucks Café es perfecto para acompañar tus galletas.'),
(24, 64, 'Nescafé es ideal para disfrutar con un buen desayuno.'),
(25, 26, 'Tropicana Jugo es un excelente complemento para tus comidas.'),
(26, 27, 'Gatorade es ideal para rehidratarte después de hacer ejercicio.'),
(27, 28, 'Oreo Galletas son perfectas para disfrutar con un café.'),
(28, 32, 'Cadbury Chocolate es ideal para un antojo dulce.'),
(29, 30, 'Pillsbury Harina es perfecta para hacer deliciosos postres.'),
(30, 31, 'Dove Jabón es ideal para mantener tu piel suave y limpia.'),
(31, 4, 'L Oreal Shampoo es perfecto para un cuidado capilar completo.'),
(32, 33, 'Nestle Chocolate es ideal para disfrutar con galletas.'),
(33, 34, 'Delicius Galletas son perfectas para un snack en cualquier momento.'),
(34, 35, 'GanadoGas Carne es ideal para una cena especial.');

-- Inserts para la tabla ProductoRecomendadoParaCliente

INSERT INTO ProductoRecomendadoParaCliente (clienteId, productoRecomendadoId, fechaRecomendacion, mensaje) VALUES
(1, 1, '2025-02-02', '¡Juan! Disfruta de una Coca-Cola bien fría en tu próxima reunión.'),
(2, 14, '2025-02-03', '¡María! Sabemos que te gustan las galletas, prueba estas Oreo.'),
(3, 3, '2025-02-04', '¡Carlos! Combina Nestle Pure Life con un delicioso yogur Danone para un snack perfecto.'),
(4, 4, '2025-02-05', '¡Ana! Usa Colgate Pasta Dental para mantener esa sonrisa brillante después de tus comidas.'),
(5, 6, '2025-02-06', '¡Luis! Complementa tu desayuno con Kelloggs Corn Flakes y leche La Serenisima.'),
(6, 12, '2025-02-07', '¡Laura! Acompaña tu agua con unas deliciosas galletas Oreo para un snack perfecto.'),
(7, 9, '2025-02-08', '¡Jorge! No olvides el Heinz Ketchup para tus papas fritas, ¡es un clásico!'),
(8, 10, '2025-02-09', '¡Sofía! Las Lays Papas Fritas son el complemento ideal para tu película de esta noche.'),
(9, 8, '2025-02-10', '¡Andrés! Mantén tu higiene bucal con Colgate Pasta Dental, ¡esencial para todos los días!'),
(10, 11, '2025-02-11', '¡Isabel! Prueba la La Serenisima Leche con tu café para un desayuno delicioso.'),
(11, 19, '2025-02-12', '¡Fernando! El P&G Detergente es perfecto para mantener tu ropa siempre limpia.'),
(12, 13, '2025-02-13', '¡Patricia! Disfruta de Quilmes Cerveza en tu próxima barbacoa.'),
(13, 14, '2025-02-14', '¡Diego! Prueba los caramelos Arcor con un chocolate Cadbury para un dulce momento.'),
(14, 15, '2025-02-15', '¡Claudia! Usa Molinos Harina para hacer unos fideos caseros deliciosos.'),
(15, 38, '2025-02-16', '¡Ricardo! Las galletas Mondelez son un excelente acompañante para tu café.'),
(16, 17, '2025-02-17', '¡Verónica! La sopa Knorr es ideal para un almuerzo ligero y reconfortante.'),
(17, 18, '2025-02-18', '¡Samuel! No te olvides de usar Natura Crema para hidratar tu piel.'),
(18, 20, '2025-02-19', '¡Gabriela! Combina Fanta con Sprite para un refresco refrescante y divertido.'),
(19, 21, '2025-02-20', '¡Alberto! Red Bull es ideal para mantenerte activo durante el día.'),
(20, 22, '2025-02-21', '¡Natalia! Monster es una excelente opción para esos días de mucho trabajo.'),
(21, 23, '2025-02-22', '¡Javier! Prueba Starbucks Café para acompañar tus galletas favoritas.'),
(22, 24, '2025-02-23', '¡Lucía! Nescafé es ideal para disfrutar con un buen desayuno por la mañana.'),
(23, 25, '2025-02-24', '¡Esteban! Tropicana Jugo es un excelente complemento para tus comidas.'),
(24, 26, '2025-02-25', '¡Carla! Gatorade es ideal para rehidratarte después de tus ejercicios.'),
(25, 27, '2025-02-26', '¡Fernando! Las Oreo Galletas son perfectas para tus tardes de café.'),
(26, 28, '2025-02-27', '¡Mariana! Cadbury Chocolate es ideal para satisfacer tu antojo dulce.'),
(27, 29, '2025-02-28', '¡Santiago! Usa Pillsbury Harina para hacer unos deliciosos postres.'),
(28, 30, '2025-02-28', '¡Valentina! Dove Jabón es ideal para mantener tu piel suave y limpia.'),
(29, 31, '2025-02-28', '¡Diego! El L Oreal Shampoo es perfecto para cuidar tu cabello.'),
(30, 32, '2025-02-29', '¡Sofía! Nestle Chocolate es ideal para disfrutar con galletas.'),
(31, 33, '2025-02-29', '¡Pablo! Delicius Galletas son perfectas para un snack en cualquier momento.'),
(32, 34, '2025-03-01', '¡Ana! GanadoGas Carne es ideal para una cena especial con amigos.'),
(33, 35, '2025-03-01', '¡Luis! Under Armour Cerveza es perfecta para disfrutar en una reunión.'),
(34, 36, '2025-03-02', '¡Claudia! Haagen-Dazs Helado es el postre perfecto para cualquier ocasión.'),
(35, 37, '2025-03-02', '¡Ricardo! Saludela Granola es ideal para un desayuno saludable y energético.'),
(36, 38, '2025-03-03', '¡Gabriela! Chips Ahoy! Galletas son perfectas para disfrutar con leche.'),
(37, 39, '2025-03-03', '¡Andrés! Sensodyne Pasta Dental es esencial para una buena higiene bucal.'),
(38, 40, '2025-03-04', '¡Natalia! Gama Detergente es ideal para mantener tu ropa limpia y fresca.'),
(39, 41, '2025-03-04', '¡Fernando! Disfruta de una buena Coca-Cola en tu próxima reunión familiar.'),
(40, 42, '2025-03-05', '¡Lucía! La Pepsi 2L es perfecta para compartir en tus fiestas.'); 